1,Vu,75 Inch LED Ultra HD (4K) TV (VU/S/OAUHD75),4K,75 inch,108000,14.3,Android
2,Vu,65 Inch LED Ultra HD (4K) TV (VU/S/OAUHD65),4K,65 inch,75990,7.5,Android
3,Micromax,40 Inch LED Full HD TV (40 CANVAS 3),Full-HD,40 inch,17999,55.2,Android
4,Micromax,32 Inch LED HD Ready TV (32 CANVAS 3),HD-Ready,32 inch,11999,7.5,Android
5,Micromax,50 Inch LED Full HD TV (50 CANVAS 3),Full-HD,50 inch,27499,13.6,Android
6,iFFalcon,55 Inch LED Ultra HD (4K) TV (55K2A),4K,55 inch,36999,4.2,Android
7,Vu,55 Inch LED Ultra HD (4K) TV (Premium 55-OA),4K,55 inch,36999,17,Android
8,Micromax,49 Inch LED Ultra HD (4K) TV (49TA7000UHD),4K,49 inch,33999,7.5,Android
9,Vu,86 Inch LED Ultra HD (4K) TV (Pixelight HDR VU/C/PXUHD86),4K,86 inch,400000,8.3,Android
10,Micromax,40 Inch LED Full HD TV (40CAM6SFHD),Full-HD,40 inch,18999,7.5,Android
11,Vu,50 Inch LED Ultra HD (4K) TV (Pixelight 50-QDV),4K,50 inch,26360,11.5,Linux
12,CloudWalker,32 Inch LED HD Ready TV (32SH04X),HD-Ready,32 inch,11999,10.2,Android
13,Vu,55 Inch LED Ultra HD (4K) TV (Pixelight 55-QDV),4K,55 inch,29950,22,Android
14,iFFalcon,65-inch LED Ultra HD (4K) Smart Android TV (65K3A),Ultra-HD,65 inch,58499,20.2,Android
15,Vu,43 Inch LED Ultra HD (4K) TV (Pixelight 43-UH),4K,43 inch,22999,35.9,Linux
16,CloudWalker,43 Inch LED Full HD TV (43SF04X),Full-HD,43 inch,19499,9.4,Android
17,Motorola,55 Inch LED Ultra HD (4K) TV (55SAUHDM),4K,55 inch,39999,14.1,Android
18,Motorola,50 Inch LED Ultra HD (4K) TV (50SAUHDM),4K,50 inch,34999,6.4,Android
19,MarQ by Flipkart,65 Inch LED Ultra HD (4K) TV (65SAUHD),4K,65 inch,64999,7.07,Android
20,MarQ by Flipkart,65 Inch LED Ultra HD (4K) TV (Dolby 65HSUHD),4K,65 inch,64999,4.1,Android
21,Motorola,75 Inch LED Ultra HD (4K) TV (75SAUHDM),4K,75 inch,119999,4.6,Android
22,Nokia,43 Inch Ultra HD TV (4K),4K,43 inch,31999,4,Android 
23,Blaupunkt,55 Inch LED Ultra HD TV (BLA55AU680),Ultra-HD,55 inch,33999,11,Android
24,Sansui,40 Inch LED Full HD TV (Pro View 40VAOFHDS / 40NVAOFHDS),HD-Ready,40 inch,16499,9.65,Android 
25,Motorola,43 Inch Full HD TV,Full-HD,43 inch,24999,9.2,Android
26,Blaupunkt,32 Inch LED HD Ready TV (BLA32AS460),HD-Ready,32 inch,14999,18.2,Android
27,Intex,32 Inch LED HD Ready TV (AVOIR 32SMART SPLASH PLUS),HD-Ready,32 inch,9999,8.1,Android
28,Motorola,32 Inch HD TV,HD-Ready,32 inch,14499,18.7,Android
29,Blaupunkt,49 Inch LED Ultra HD TV (BLA49AU680),Ultra-HD,49 inch,28999,4.1,Android
30,Sansui,50 Inch LED Full HD TV (BLA50AS570),Full-HD,50 inch,28999,33,Android